loan_id,gender,ageGroup,effortRate,savingsRate,distCrime,expenses,account_id,date,amount,duration,payments,status
5314,female,adult,83.24,16.76,6.11,0,1787,1993-07-05,96396,12,8033,-1
5316,male,adult,55.08,-445.0,4.85,41001,1801,1993-07-11,165960,36,4610,1
6863,male,adult,16.66,-24.59,5.39,13718,9188,1993-07-28,127080,60,2118,1
5325,female,adult,16.67,-14.24,7.11,17203,1843,1993-08-03,105804,36,2939,1
7240,male,adult,10.84,-3.64,15.34,39202,11013,1993-09-06,274740,60,4579,1
6687,male,kid,16.67,-5.92,6.44,19600,8261,1993-09-13,87840,24,3660,1
7284,male,adult,57.74,-87.81,6.33,9908,11265,1993-09-15,52788,12,4399,1
6111,female,adult,80.98,-300.51,8.54,28729,5428,1993-09-24,174744,24,7281,-1
7235,female,adult,35.87,-125.47,5.16,17003,10973,1993-10-13,154416,48,3217,1
5997,male,adult,16.67,27.62,7.26,16300,4894,1993-11-04,117024,24,4876,1
7121,female,adult,4.2,1.35,4.81,13688,10364,1993-11-10,21924,36,609,1
6077,male,adult,7.41,11.96,4.25,36079,5270,1993-11-22,79608,24,3317,1
6228,female,adult,90.59,-414.05,7.39,36189,6034,1993-12-01,464520,60,7742,-1
6356,male,adult,32.29,-243.08,5.0,25510,6701,1993-12-08,95400,36,2650,1
5523,female,adult,16.67,2.98,3.49,12575,2705,1993-12-08,93888,36,2608,1
6456,female,adult,40.71,-270.87,4.44,31775,7123,1993-12-09,47016,12,3918,1
7104,male,adult,16.67,23.87,5.03,15443,10320,1993-12-13,259740,60,4329,1
6820,female,adult,14.58,3.36,15.34,17893,9034,1993-12-16,38148,12,3179,1
6876,male,adult,75.02,-48.8,9.26,7100,9236,1993-12-21,86616,12,7218,1
7097,male,adult,31.84,-156.15,9.65,22200,10266,1993-12-23,75624,24,3151,-1
4959,female,adult,16.67,-0.69,15.34,17002,2,1994-01-05,80952,24,3373,1
6499,female,adult,16.67,-0.19,15.34,16902,7401,1994-01-05,80952,24,3373,1
5479,male,adult,16.29,-247.14,15.34,41492,2486,1994-01-10,24516,12,2043,1
5170,female,adult,42.66,-149.56,5.03,20469,1071,1994-01-20,253200,60,4220,1
6721,female,adult,9.0,48.45,7.43,4150,8475,1994-01-21,21072,24,878,1
7259,male,adult,23.95,-287.76,15.34,45625,11111,1994-01-31,108144,36,3004,1
5285,female,adult,52.45,-23.02,15.34,8850,1603,1994-02-06,78936,12,6578,1
5189,female,adult,32.27,-144.62,9.26,20432,1166,1994-02-07,149040,48,3105,1
6650,female,adult,45.71,-380.79,8.54,39118,8073,1994-02-17,49320,12,4110,-1
7226,male,adult,22.75,-18.74,4.15,23175,10940,1994-02-23,197748,36,5493,1
6087,male,adult,53.78,-288.92,10.79,31225,5313,1994-02-27,300660,60,5011,1
7262,male,adult,57.52,-74.69,6.21,10333,11135,1994-03-01,182628,36,5073,1
5519,male,adult,43.42,-48.95,9.64,18556,2694,1994-03-08,91632,12,7636,1
6577,female,adult,20.18,-335.65,11.46,44343,7753,1994-03-11,51696,24,2154,1
6509,female,adult,23.97,-198.55,4.44,26425,7445,1994-03-15,55368,24,2307,1
6520,male,adult,16.67,4.71,8.08,17926,7485,1994-03-16,91200,24,3800,1
6699,male,adult,1.51,-5.9,4.27,22046,8330,1994-03-30,7656,24,319,1
6336,female,adult,65.81,-284.99,6.38,28614,6555,1994-03-31,212400,36,5900,1
7055,male,adult,32.6,-452.52,3.86,44422,10079,1994-04-06,167100,60,2785,1
6103,male,adult,16.66,-15.55,4.25,14770,5385,1994-04-07,149340,60,2489,1
6202,male,adult,16.67,0.43,9.65,27023,5891,1994-04-18,65184,12,5432,1
7066,male,adult,47.71,3.65,15.34,6100,10131,1994-05-02,215388,36,5983,-1
6696,male,adult,14.05,-20.59,4.75,11253,8321,1994-05-09,89040,60,1484,1
6072,male,adult,59.91,-416.66,8.35,41080,5256,1994-05-10,193968,36,5388,1
5130,female,adult,16.67,24.88,4.03,7104,813,1994-05-11,24312,12,2026,1
5568,female,adult,44.86,-269.3,8.82,32846,2933,1994-05-17,272520,60,4542,1
6678,male,adult,16.39,-6.47,9.26,36786,8173,1994-05-20,80340,12,6695,1
6998,female,adult,16.67,-5.17,4.4,43205,9833,1994-05-21,97632,12,8136,1
6580,male,adult,47.37,-237.05,6.95,24982,7769,1994-05-22,196080,48,4085,1
6316,female,adult,73.21,-365.51,7.11,34342,6473,1994-05-26,76908,12,6409,-1
6512,female,adult,31.66,-80.46,7.43,6199,7454,1994-05-26,63312,48,1319,1
6407,female,adult,4.47,-0.92,10.04,23334,6930,1994-05-26,25944,24,1081,1
5002,female,adult,50.45,-32.88,3.46,14272,173,1994-05-31,104808,12,8734,1
6647,male,adult,16.67,0.25,15.34,21635,8051,1994-06-01,208320,48,4340,1
7137,male,adult,16.67,10.07,3.46,27761,10439,1994-06-03,151560,24,6315,1
6903,female,adult,22.51,-103.56,6.11,17472,9337,1994-06-04,52128,24,2172,1
5918,male,adult,44.1,-48.21,3.2,19687,4576,1994-06-04,300204,36,8339,1
6642,male,adult,16.67,10.06,4.25,28444,8027,1994-06-05,77640,12,6470,1
6210,male,adult,16.66,-13.38,6.33,10546,5927,1994-06-06,87216,48,1817,-1
6279,male,adult,40.6,-51.62,6.38,9953,6273,1994-06-07,87360,24,3640,1
7249,male,adult,12.19,-12.11,9.26,11846,11065,1994-06-12,69360,48,1445,1
6736,male,adult,38.32,-22.85,15.34,10600,8558,1994-06-14,288360,60,4806,1
6112,female,adult,75.26,-244.38,8.39,26038,5442,1994-06-17,174744,24,7281,-1
5319,female,adult,42.84,-175.46,10.79,21674,1811,1994-06-23,239460,60,3991,1
6596,female,adult,30.43,-106.0,15.34,22018,7844,1994-06-25,91584,24,3816,1
5837,female,adult,46.47,-224.74,4.82,24410,4260,1994-06-29,244560,60,4076,1
5657,female,adult,5.01,-64.27,3.49,13200,3354,1994-07-05,4980,12,415,1
5533,male,adult,55.24,-703.44,4.08,62864,2762,1994-07-05,111384,24,4641,1
6232,male,adult,154.1,-258.15,4.82,10176,6051,1994-07-08,276660,36,7685,-1
6888,female,kid,26.3,-143.88,15.34,27287,9265,1994-07-11,39576,12,3298,1
6066,male,adult,14.58,-5.27,4.75,45058,5228,1994-07-11,173808,24,7242,1
5549,female,adult,8.74,-60.32,9.26,14585,2824,1994-07-16,50460,60,841,1
5060,female,adult,33.5,-187.85,15.34,31898,426,1994-07-19,252060,60,4201,-1
6004,male,adult,68.49,-303.07,7.11,29289,4937,1994-07-23,143904,24,5996,1
5126,male,adult,43.81,-130.68,9.65,18494,790,1994-07-24,208128,48,4336,-1
7220,male,adult,29.08,-104.27,15.34,21971,10911,1994-07-28,131292,36,3647,1
6668,male,adult,10.07,-6.28,5.39,19831,8129,1994-07-30,74736,36,2076,1
5395,female,adult,102.44,-671.23,5.96,54239,2176,1994-07-30,299088,36,8308,-1
6836,male,adult,16.66,-26.01,7.07,20714,9093,1994-08-03,189300,60,3155,1
6064,female,adult,7.87,-10.8,4.81,15941,5215,1994-08-04,14628,12,1219,1
6919,female,adult,26.78,-109.43,15.34,22906,9403,1994-08-05,120888,36,3358,1
6841,female,adult,35.41,-260.64,8.82,32926,9104,1994-08-07,172080,48,3585,1
6038,female,adult,53.74,-169.23,15.34,27025,5120,1994-08-10,323472,48,6739,1
6729,male,adult,16.67,-15.34,6.95,36850,8519,1994-08-11,74688,12,6224,1
7198,female,adult,47.03,-67.87,5.96,9800,10788,1994-08-23,45768,12,3814,1
6686,female,adult,16.67,-8.63,5.42,34428,8260,1994-08-25,224604,36,6239,1
5836,female,adult,7.52,4.79,3.46,38679,4259,1994-08-27,79632,24,3318,1
7061,male,adult,58.09,-314.75,4.81,31183,10105,1994-08-27,121896,24,5079,1
5595,female,adult,16.67,-13.94,3.73,40314,3050,1994-09-02,82896,12,6908,1
5723,male,adult,21.96,-245.59,6.38,29013,3674,1994-09-10,23628,12,1969,1
6120,male,adult,11.96,-0.1,3.86,32109,5481,1994-09-11,209184,48,4358,1
6895,male,adult,35.3,-146.69,5.03,20913,9307,1994-09-19,41904,12,3492,1
5882,female,adult,73.74,-115.44,8.42,14062,4427,1994-09-26,87816,12,7318,1
5754,male,adult,13.85,-25.79,9.65,15532,3834,1994-09-28,23052,12,1921,1
6594,female,adult,93.64,6.36,3.73,0,7824,1994-09-28,189696,24,7904,-1
6738,female,adult,59.92,-188.4,11.46,24386,8566,1994-09-29,230220,36,6395,-1
6624,female,adult,68.11,-225.64,4.81,22516,7965,1994-09-30,71460,12,5955,1
6216,male,adult,16.67,-8.31,4.15,32361,5952,1994-09-30,141240,24,5885,1
6229,male,adult,2.22,-5.57,15.34,22805,6040,1994-10-02,11736,24,489,1
5887,male,adult,63.43,-169.27,3.73,17375,4448,1994-10-03,192744,36,5354,1
6808,male,adult,65.77,-224.21,4.44,24872,8982,1994-10-12,227880,36,6330,1
6297,male,adult,12.45,-4.07,11.46,10738,6363,1994-10-25,17508,12,1459,1
5161,female,adult,16.67,41.64,4.27,10233,1012,1994-10-28,98184,24,4091,1
5390,female,adult,29.11,-32.74,4.03,25253,2167,1994-10-30,170256,24,7094,1
6150,male,adult,67.98,-556.54,7.0,59898,5622,1994-11-02,83016,12,6918,1
6223,female,adult,7.83,0.46,15.34,14902,5991,1994-11-03,61056,48,1272,1
5032,male,adult,29.38,-195.57,4.82,23350,290,1994-11-03,123696,48,2577,1
6253,female,adult,10.81,-8.91,11.46,22600,6148,1994-11-04,59760,24,2490,1
6460,male,adult,31.1,-66.94,15.34,5905,7133,1994-11-06,48672,36,1352,1
6645,male,adult,31.1,-74.12,15.34,17936,8041,1994-11-06,140400,36,3900,1
5176,female,adult,93.87,-99.15,4.4,8998,1106,1994-11-12,192552,24,8023,-1
5269,female,adult,51.03,-212.79,5.42,23375,1527,1994-11-19,164052,36,4557,-1
5351,female,adult,16.67,-3.33,4.56,29641,1978,1994-12-04,205200,36,5700,1
5861,male,adult,24.22,-296.18,3.73,32892,4337,1994-12-08,51408,24,2142,1
5450,male,adult,16.67,-10.08,5.92,18653,2345,1994-12-11,199680,60,3328,1
7142,female,adult,57.34,-78.32,15.34,16982,10451,1994-12-19,482940,60,8049,-1
6306,female,adult,24.72,-38.11,5.42,14025,6425,1994-12-20,36684,12,3057,1
6272,female,adult,16.67,-14.52,11.46,39004,6226,1994-12-20,398640,60,6644,1
5044,male,adult,12.07,-16.72,9.65,14597,344,1994-12-21,100980,60,1683,1
5576,female,adult,20.76,-210.16,15.34,36293,2962,1994-12-21,31248,12,2604,1
7192,male,adult,38.4,-154.89,5.39,18163,10738,1994-12-21,115992,36,3222,1
5739,female,adult,74.24,-88.84,15.34,9826,3747,1995-01-02,76380,12,6365,1
6526,female,adult,96.68,-185.71,3.49,15667,7523,1995-01-03,288468,36,8013,1
5624,male,adult,42.67,-121.92,5.94,15555,3166,1995-01-03,177744,48,3703,-1
6244,male,adult,59.95,-311.6,15.34,44101,6118,1995-01-08,270648,36,7518,-1
5131,male,adult,24.23,-419.14,3.86,41390,816,1995-01-08,48624,24,2026,1
6960,female,adult,16.66,-28.42,15.34,21351,9640,1995-01-11,76416,24,3184,1
6358,male,adult,16.67,-13.33,4.27,13329,6715,1995-01-14,137880,60,2298,-1
5418,female,adult,81.97,-358.26,3.73,33275,2245,1995-01-16,347952,48,7249,1
6598,female,adult,14.89,-3.66,6.21,33826,7857,1995-01-18,68112,12,5676,1
5464,male,adult,88.8,-492.19,8.54,45260,2419,1995-01-30,95808,12,7984,1
6591,male,adult,4.91,-32.08,6.38,11234,7819,1995-02-02,20832,48,434,1
5724,male,adult,59.2,-106.76,15.34,13135,3678,1995-02-05,316140,60,5269,-1
6315,female,adult,9.35,-7.52,3.54,37747,6472,1995-02-06,43164,12,3597,1
5876,female,adult,13.78,-3.6,11.46,30046,4413,1995-02-08,221280,48,4610,1
6986,male,adult,29.62,-81.79,11.46,16241,9750,1995-02-11,151728,48,3161,-1
6294,male,adult,12.35,-128.94,7.22,23364,6353,1995-02-12,79920,60,1332,1
5132,male,adult,41.96,-41.79,5.92,21351,817,1995-02-17,538500,60,8975,1
5877,male,adult,37.38,-58.94,8.54,13175,4414,1995-02-23,97224,24,4051,1
6227,female,adult,5.87,-12.85,7.07,21434,6030,1995-03-04,28248,24,1177,1
7241,male,adult,56.14,-322.3,15.34,45920,11021,1995-03-04,168984,24,7041,-1
6737,female,adult,32.3,-269.9,5.03,33399,8564,1995-03-11,76680,24,3195,1
7004,female,kid,24.91,-28.0,7.11,22869,9869,1995-03-15,331560,60,5526,1
6169,male,adult,17.97,-25.94,3.47,10381,5700,1995-03-16,103680,60,1728,-1
5208,female,adult,24.28,-298.2,4.55,31985,1247,1995-03-16,99696,48,2077,-1
6694,female,adult,55.18,-192.52,7.0,24154,8316,1995-03-19,134784,24,5616,1
5599,female,adult,13.89,-27.76,10.79,10538,3064,1995-03-21,15420,12,1285,1
6546,female,adult,8.91,-22.32,15.34,16837,7607,1995-03-27,31728,24,1322,1
5414,male,adult,40.04,-113.29,8.39,16762,2228,1995-03-29,185952,48,3874,1
5453,female,adult,62.89,-110.84,4.28,10238,2361,1995-04-01,156672,36,4352,1
5740,female,adult,12.34,19.49,15.34,8550,3752,1995-04-02,18564,12,1547,1
5804,male,adult,39.6,-351.8,3.86,34472,4079,1995-04-05,158976,48,3312,1
6745,male,adult,20.48,-537.95,4.44,59425,8625,1995-04-10,47304,24,1971,1
6950,male,adult,40.88,-332.91,11.46,41841,9591,1995-04-11,104712,24,4363,1
6996,male,adult,16.67,-3.28,9.26,27411,9828,1995-04-13,126600,24,5275,1
5352,female,adult,57.62,-36.06,5.03,7760,1993,1995-04-15,68400,12,5700,-1
6151,female,adult,27.19,-25.96,3.54,13648,5628,1995-04-25,225420,60,3757,1
5310,female,adult,36.46,-44.57,4.28,20443,1762,1995-04-28,248148,36,6893,1
5045,male,adult,92.84,-300.11,4.27,25820,347,1995-05-01,187224,24,7801,-1
6929,male,adult,24.18,-250.29,15.34,40897,9472,1995-05-08,36396,12,3033,1
5151,female,adult,7.88,-19.4,7.43,44624,960,1995-05-24,189060,60,3151,1
5212,female,adult,12.93,-19.24,6.38,16237,1256,1995-05-29,71064,36,1974,1
5138,female,adult,17.46,-21.51,3.86,10826,854,1995-05-30,87216,48,1817,1
5713,male,adult,16.67,-18.31,4.27,16134,3629,1995-05-30,158760,60,2646,1
6704,male,adult,78.6,-309.49,3.73,29260,8377,1995-06-01,417060,60,6951,1
6474,female,adult,13.05,-34.22,5.0,9805,7190,1995-06-06,63360,60,1056,1
6676,male,adult,11.5,18.35,7.22,7567,8159,1995-06-13,29784,24,1241,1
6965,female,adult,65.96,-619.03,3.54,57561,9656,1995-06-13,139536,24,5814,1
6725,male,adult,41.86,-48.91,4.08,18847,8489,1995-06-23,265320,36,7370,1
7166,male,adult,63.69,-46.0,10.04,10676,10630,1995-06-24,198240,24,8260,1
7138,male,adult,13.58,-33.23,8.35,8814,10440,1995-07-03,60000,60,1000,1
5970,female,adult,41.33,-41.64,3.46,23515,4774,1995-07-09,465072,48,9689,1
6157,female,adult,16.67,3.17,8.82,19760,5650,1995-07-10,98592,24,4108,1
6153,male,kid,51.14,-169.08,5.92,20283,5632,1995-07-25,285600,60,4760,1
5693,female,adult,11.34,-14.66,6.73,16741,3489,1995-08-01,44088,24,1837,1
5922,female,adult,18.93,-208.73,6.73,25789,4580,1995-08-05,20220,12,1685,1
5959,female,adult,12.55,-6.81,5.44,33691,4727,1995-08-11,107640,24,4485,1
5980,female,adult,16.67,1.7,6.33,8734,4825,1995-08-18,21396,12,1783,1
6764,male,adult,5.26,1.09,4.44,12609,8776,1995-08-26,33984,48,708,1
5237,male,adult,9.31,-15.05,4.08,21455,1375,1995-08-29,45336,24,1889,1
6726,female,adult,12.84,-11.17,5.44,10956,8492,1995-09-03,85860,60,1431,1
6933,female,adult,16.67,-17.46,4.44,23773,9493,1995-09-09,188688,48,3931,1
5145,male,adult,16.67,-6.83,8.35,34888,915,1995-09-16,309552,48,6449,1
7008,male,adult,16.67,-35.16,15.34,21424,9897,1995-09-22,36168,12,3014,1
7227,female,adult,63.51,-715.27,4.25,62050,10942,1995-10-02,314520,60,5242,1
6600,male,adult,3.28,30.05,8.39,12328,7861,1995-10-08,21852,36,607,1
6712,female,adult,20.05,-21.81,4.4,22516,8405,1995-10-14,266220,60,4437,1
7057,female,adult,15.94,0.76,15.34,33636,10093,1995-10-20,231696,36,6436,1
7176,male,adult,16.67,-10.59,9.26,40705,10663,1995-10-28,260028,36,7223,1
7304,male,adult,16.67,-15.5,15.34,41497,11349,1995-10-29,419880,60,6998,1
6362,female,adult,16.67,-4.42,3.86,16632,6738,1995-10-31,37908,12,3159,1
5880,female,adult,19.63,-218.79,8.08,31250,4423,1995-10-31,73836,36,2051,1
6535,male,adult,16.67,-20.25,4.93,21727,7546,1995-11-02,41952,12,3496,1
5449,female,kid,36.81,-33.31,5.03,10850,2343,1995-11-04,99336,24,4139,1
6342,male,adult,19.83,-581.95,4.03,55797,6609,1995-11-12,60156,36,1671,-1
5409,male,adult,7.39,-3.56,4.08,39467,2218,1995-11-18,182040,60,3034,1
6955,male,adult,60.59,-859.44,4.27,75531,9627,1995-11-22,244368,48,5091,1
6985,female,adult,16.67,1.46,9.65,15527,9731,1995-11-22,113796,36,3161,1
5125,female,adult,26.74,-56.2,8.08,7369,789,1995-11-23,73056,48,1522,1
5805,male,adult,48.38,-6.19,9.26,6867,4081,1995-11-28,137904,24,5746,-1
6185,male,adult,6.62,13.33,15.34,15698,5774,1995-11-28,31176,24,1299,1
7243,male,adult,16.67,-3.68,8.35,31490,11042,1995-12-04,217152,36,6032,1
6403,male,adult,16.67,-7.84,11.46,22206,6924,1995-12-05,194880,48,4060,1
6578,male,adult,27.88,-99.95,3.86,14390,7765,1995-12-11,27984,12,2332,1
5413,male,adult,43.38,-290.58,5.42,31005,2227,1995-12-12,92976,24,3874,1
6949,male,adult,48.86,-294.45,5.42,30861,9583,1995-12-12,104712,24,4363,1
6545,male,adult,35.13,-381.43,4.5,40631,7606,1995-12-12,191880,60,3198,1
6178,female,adult,45.39,-202.12,11.46,27400,5742,1995-12-16,232560,48,4845,1
5160,male,adult,16.66,-7.77,5.39,18589,1011,1995-12-18,204000,60,3400,1
6785,male,adult,16.66,-168.08,15.34,31531,8899,1995-12-25,125340,60,2089,1
6540,male,adult,16.67,-8.37,8.35,35489,7562,1995-12-31,309600,48,6450,1
6589,female,adult,94.07,-643.61,4.08,54574,7815,1996-01-01,189696,24,7904,1
5900,male,adult,34.44,-484.62,4.15,45043,4503,1996-01-01,135360,48,2820,1
5999,female,adult,13.27,-28.08,3.47,17820,4907,1996-01-03,98832,48,2059,1
6043,male,adult,5.07,-34.83,4.29,10856,5126,1996-01-11,20352,48,424,1
5482,male,adult,32.22,-40.21,6.01,9223,2496,1996-01-12,165120,60,2752,1
7263,male,adult,36.8,-283.58,7.0,35292,11138,1996-01-19,89880,24,3745,1
6013,male,adult,41.92,-119.98,4.4,15219,4995,1996-02-03,128988,36,3583,-1
5750,female,adult,16.67,-14.84,9.64,31047,3804,1996-02-08,63252,12,5271,1
6027,female,adult,29.88,-186.53,6.44,22067,5066,1996-02-10,61656,24,2569,-1
6303,female,adult,33.78,-137.59,5.42,18200,6400,1996-02-12,72408,24,3017,-1
7213,male,adult,16.67,-13.53,4.27,18331,10884,1996-02-13,113544,36,3154,1
6659,male,adult,10.03,-20.33,9.65,10285,8092,1996-02-20,56100,60,935,1
6175,female,adult,57.93,-618.16,3.86,55215,5735,1996-02-21,290700,60,4845,-1
5610,male,adult,28.63,-405.53,6.38,42754,3112,1996-02-24,123216,48,2567,1
5563,male,adult,59.36,-440.13,11.46,51312,2912,1996-02-29,380160,60,6336,1
5989,male,adult,82.39,-131.32,7.07,10709,4852,1996-03-04,213300,36,5925,1
6698,male,adult,41.15,-234.61,15.34,36803,8327,1996-03-10,247728,48,5161,1
5312,female,adult,11.69,11.39,5.42,37076,1772,1996-03-13,202788,36,5633,1
7189,male,adult,16.67,-8.02,5.94,17658,10728,1996-03-21,154656,48,3222,1
6816,female,adult,20.52,-14.52,7.0,9567,9017,1996-03-26,100224,48,2088,-1
6137,male,adult,7.8,6.28,6.44,40997,5574,1996-04-10,44628,12,3719,1
5128,male,adult,29.13,-41.92,3.17,17392,808,1996-04-11,215616,48,4492,-1
5470,male,adult,16.67,-23.34,4.27,26801,2456,1996-04-15,200976,48,4187,1
5593,female,kid,93.52,-365.17,4.25,30676,3037,1996-04-18,277884,36,7719,-1
5350,male,adult,48.15,-142.24,7.22,20936,1967,1996-04-21,249312,48,5194,1
6063,male,adult,14.31,4.01,15.34,38155,5213,1996-04-25,320976,48,6687,-1
6501,female,adult,16.67,-31.07,4.5,17320,7418,1996-04-29,30276,12,2523,-1
5452,female,adult,4.07,-3.75,7.0,20187,2352,1996-04-29,49440,60,824,1
4961,female,adult,16.67,-35.58,4.5,18002,19,1996-04-29,30276,12,2523,-1
4973,female,adult,16.67,-17.16,4.03,41696,67,1996-05-02,165960,24,6915,1
6190,female,adult,20.24,-106.61,7.0,18967,5794,1996-05-06,123600,60,2060,1
6715,female,adult,16.67,-33.96,4.4,25881,8411,1996-05-06,220620,60,3677,1
5892,male,adult,31.67,-124.53,4.83,16867,4462,1996-05-14,66480,24,2770,-1
6550,male,adult,16.67,4.25,3.86,31690,7614,1996-05-18,320592,48,6679,1
5706,male,adult,49.88,-149.18,8.35,17925,3608,1996-05-24,161496,36,4486,1
5148,male,adult,12.52,-2.0,7.29,33855,940,1996-05-29,284280,60,4738,1
6734,female,adult,47.84,-562.24,7.26,61716,8547,1996-05-30,173016,36,4806,1
6109,female,adult,72.23,-530.42,3.46,47513,5422,1996-06-03,368880,60,6148,1
6961,female,adult,14.03,23.19,6.38,21900,9645,1996-06-06,176148,36,4893,1
6810,male,adult,41.68,-421.79,10.79,44732,9006,1996-06-08,186384,48,3883,1
5494,female,adult,77.93,-457.33,4.44,46137,2572,1996-06-13,360000,48,7500,1
5311,male,adult,2.56,-11.6,4.28,21381,1766,1996-06-15,30060,60,501,1
5445,male,adult,22.17,-378.64,7.11,39736,2322,1996-06-29,46320,24,1930,1
5301,female,adult,39.86,-11.29,5.03,7067,1698,1996-07-06,141948,36,3943,1
7034,female,adult,5.88,-93.69,8.54,16886,10001,1996-07-11,19044,36,529,1
6751,female,adult,16.67,-4.51,2.95,12550,8680,1996-07-14,85716,36,2381,1
6667,male,adult,71.65,-421.45,7.29,40774,8127,1996-07-15,155880,24,6495,1
6130,male,adult,9.52,-39.2,4.93,9263,5541,1996-07-18,32640,48,680,1
5429,male,adult,2.37,4.28,15.34,22072,2268,1996-07-18,20196,36,561,1
5725,female,adult,53.76,-61.05,4.44,18499,3679,1996-07-23,444864,48,9268,1
6019,female,kid,13.28,-37.2,9.65,8868,5033,1996-07-25,11400,12,950,1
6421,male,adult,29.98,-383.05,6.38,40617,6985,1996-07-25,96768,36,2688,1
6992,female,adult,33.37,-397.07,3.86,38779,9790,1996-07-27,133968,48,2791,1
5136,female,adult,86.68,-734.69,8.35,67276,846,1996-07-28,187104,24,7796,1
5337,male,adult,16.67,13.34,8.42,18950,1886,1996-07-31,162468,36,4513,1
5495,male,adult,12.9,-14.17,3.73,11688,2580,1996-08-02,89340,60,1489,1
7013,male,adult,12.9,-13.3,3.73,11588,9928,1996-08-02,89340,60,1489,1
6012,male,adult,57.24,-41.97,15.34,10625,4994,1996-08-03,258444,36,7179,1
6471,female,adult,28.21,-23.2,5.92,21841,7184,1996-08-04,155640,24,6485,1
6296,male,adult,16.67,-12.53,7.49,32400,6358,1996-08-06,270384,48,5633,1
7305,male,adult,16.67,-20.25,3.54,27981,11359,1996-08-06,54024,12,4502,1
6144,male,adult,40.88,-292.16,6.33,31773,5593,1996-08-09,44376,12,3698,1
6283,female,adult,18.54,-302.96,4.44,36997,6289,1996-08-11,85632,48,1784,1
7246,male,adult,16.67,-38.85,4.5,18196,11054,1996-08-20,148920,60,2482,1
5088,male,adult,16.67,-8.07,8.42,20830,544,1996-08-22,91152,24,3798,1
5988,female,adult,70.57,-217.49,3.86,20650,4851,1996-08-22,141648,24,5902,1
5282,female,adult,99.03,-204.61,3.17,16802,1583,1996-08-24,388512,48,8094,-1
5938,male,kid,132.07,-238.18,7.43,10456,4650,1996-08-25,402000,60,6700,1
5606,female,adult,83.4,-184.49,4.5,16980,3084,1996-08-28,253512,36,7042,-1
5385,male,adult,8.84,-7.03,15.34,22039,2143,1996-09-09,71460,36,1985,1
6865,male,adult,27.28,-58.48,8.35,11800,9199,1996-09-11,29448,12,2454,-1
5586,female,adult,7.1,-33.75,4.75,24150,2994,1996-09-14,48744,36,1354,1
6302,male,adult,16.67,-8.28,4.27,16582,6397,1996-09-16,181020,60,3017,1
7194,male,adult,10.12,-6.24,15.34,18170,10762,1996-09-17,68832,36,1912,1
6461,female,adult,23.52,-362.19,7.11,38401,7136,1996-09-19,74124,36,2059,1
6732,female,adult,38.02,-449.17,7.07,48754,8533,1996-09-19,174048,48,3626,1
6613,female,adult,42.89,-384.71,3.17,36110,7926,1996-09-22,84120,24,3505,1
7036,male,adult,48.02,-264.75,9.07,35718,10019,1996-09-25,194940,36,5415,1
5897,female,adult,4.41,-16.55,8.54,16083,4476,1996-09-25,15192,24,633,1
6995,female,adult,83.27,-272.34,4.44,27820,9814,1996-09-26,96168,12,8014,1
5415,male,adult,44.29,-44.53,4.83,8767,2236,1996-09-26,139464,36,3874,-1
7136,male,adult,20.16,9.9,3.73,5243,10436,1996-09-28,54396,36,1511,1
7271,male,adult,16.67,-6.52,7.11,35266,11186,1996-10-02,392460,60,6541,1
5375,female,adult,68.55,-95.04,15.34,15612,2106,1996-10-03,101520,12,8460,1
5635,female,adult,17.1,-177.26,15.34,32627,3230,1996-10-04,77184,36,2144,1
6817,male,adult,9.89,-15.97,15.34,15782,9024,1996-10-04,70656,48,1472,1
5923,female,adult,9.9,51.16,3.2,5300,4585,1996-10-10,64656,48,1347,1
5329,female,adult,16.67,-2.07,4.08,33827,1862,1996-10-16,396120,60,6602,1
6644,male,adult,43.83,-171.86,6.73,20293,8039,1996-10-20,93600,24,3900,1
6354,female,adult,7.82,48.03,4.03,3600,6688,1996-10-23,22968,36,638,1
5082,female,adult,50.98,-112.49,6.44,13887,501,1996-10-24,262980,60,4383,1
6585,female,adult,64.44,-538.45,4.44,55242,7795,1996-10-29,372120,60,6202,1
6921,female,adult,16.67,2.23,7.0,34953,9422,1996-10-29,86184,12,7182,1
5366,female,adult,16.67,1.07,7.0,35453,2062,1996-10-29,86184,12,7182,1
5886,female,adult,62.66,-441.44,3.86,40907,4447,1996-10-31,192744,36,5354,1
5741,female,kid,9.66,20.47,7.29,20654,3754,1996-11-03,68544,24,2856,1
4996,male,adult,79.1,-355.62,10.79,35080,132,1996-11-06,88440,12,7370,1
6015,male,adult,55.68,-671.4,3.48,58975,5001,1996-11-09,110112,24,4588,1
6309,female,adult,36.59,-149.39,15.34,26687,6434,1996-11-11,110136,24,4589,1
6073,male,adult,77.72,-145.23,4.44,9925,5263,1996-11-12,276300,60,4605,1
6006,male,adult,63.62,-122.56,4.93,14980,4948,1996-11-15,359760,60,5996,1
5611,female,adult,16.67,1.01,7.26,26442,3115,1996-11-15,321180,60,5353,1
6944,male,adult,5.31,20.81,3.86,13378,9548,1996-11-15,46176,48,962,1
7101,male,adult,41.71,-46.06,7.26,21941,10297,1996-11-18,421008,48,8771,1
6599,male,adult,16.67,-1.05,3.86,30431,7859,1996-11-19,72120,12,6010,1
6940,female,adult,42.67,-18.41,15.34,11254,9510,1996-11-22,228276,36,6341,1
5209,female,adult,16.67,-11.16,3.86,21575,1250,1996-11-25,182640,48,3805,1
5388,male,adult,16.67,-7.78,5.42,28040,2153,1996-11-28,61560,12,5130,1
6011,male,adult,16.03,-18.19,9.65,23810,4981,1996-11-28,179328,48,3736,1
5591,female,adult,16.67,-8.5,8.82,17863,3021,1996-12-04,155616,48,3242,1
7154,male,adult,79.61,-75.85,4.81,8415,10520,1996-12-05,417600,60,6960,1
7130,male,adult,49.22,-84.71,8.08,14153,10411,1996-12-11,123408,24,5142,1
6818,male,adult,18.43,-19.38,8.35,17759,9030,1996-12-12,155616,48,3242,1
5625,male,adult,41.87,-205.7,3.73,23330,3189,1996-12-15,222180,60,3703,-1
6805,female,adult,9.22,-95.23,7.0,18931,8972,1996-12-21,45024,48,938,1
7233,male,adult,38.17,-377.89,4.03,37055,10963,1996-12-25,115812,36,3217,1
7308,female,adult,66.49,-185.91,5.96,17795,11362,1996-12-27,129408,24,5392,1
